START OF LOG
message_init: ready at port '54635'
message_send: TO 127.0.0.1:54870
message_send: 1 lines:
PLAY zac
message_loop: message ready on socket
message_loop: FROM 127.0.0.1:54870
message_loop: 1 lines:
GRID 21 79
message_loop: message ready on socket
message_loop: FROM 127.0.0.1:54870
message_loop: 1 lines:
OK A
message_loop: message ready on socket
message_loop: FROM 127.0.0.1:54870
message_loop: 22 lines:
DISPLAY
                                                                               
                                                                               
                                                                               
                                                                               
                                                                               
                                                                               
                                                                               
                                                                               
                                                                               
                                                                               
                                                                               
                                                                               
     +---------------------------------+                                       
     |....*....*.......................|                                       
     |.....@*..*........*..............|                                       
     |......+---------------+..........|                                       
     |......|                                                                  
     |......|                                                                  
     |*.....|                                                                  
     |......|                                                                  
     +------+                                                                  

message_loop: message ready on socket
message_loop: FROM 127.0.0.1:54870
message_loop: 1 lines:
GOLD 0 0 250
message_loop: input ready on stdin
message_send: TO 127.0.0.1:54870
message_send: 1 lines:
KEY l
message_loop: message ready on socket
message_loop: FROM 127.0.0.1:54870
message_loop: 1 lines:
GOLD 18 18 232
message_loop: message ready on socket
message_loop: FROM 127.0.0.1:54870
message_loop: 1 lines:
GOLD 0 18 232
message_loop: message ready on socket
message_loop: FROM 127.0.0.1:54870
message_loop: 22 lines:
DISPLAY
                                                                               
                                                                               
                                                                               
                                                                               
                                                                               
                                                                               
                                                                               
                                                                               
                                                                               
                                                                               
                                                                               
                                                                               
     +---------------------------------+                                       
     |....*....*.......................|                                       
     |......@..*........*..............|                                       
     |......+---------------+..........|                                       
     |......|                                                                  
     |......|                                                                  
     |*.....|                                                                  
     |......|                                                                  
     +------+                                                                  

message_loop: message ready on socket
message_loop: FROM 127.0.0.1:54870
message_loop: 1 lines:
GOLD 0 18 232
message_loop: input ready on stdin
message_send: TO 127.0.0.1:54870
message_send: 1 lines:
KEY l
message_loop: message ready on socket
message_loop: FROM 127.0.0.1:54870
message_loop: 22 lines:
DISPLAY
                                                                               
                                                                               
                                                                               
                                                                               
                                                                               
                                                                               
                                                                               
                                                                               
                                                                               
                                                                               
                                                                               
                                                                               
     +---------------------------------+                                       
     |....*....*.......................|                                       
     |.......@.*........*..............|                                       
     |......+---------------+..........|                                       
     |......|                                                                  
     |......|                                                                  
     |*.....|                                                                  
     |......|                                                                  
     +------+                                                                  

message_loop: message ready on socket
message_loop: FROM 127.0.0.1:54870
message_loop: 1 lines:
GOLD 0 18 232
message_loop: input ready on stdin
message_send: TO 127.0.0.1:54870
message_send: 1 lines:
KEY l
message_loop: message ready on socket
message_loop: FROM 127.0.0.1:54870
message_loop: 22 lines:
DISPLAY
                                                                               
                                                                               
                                                                               
                                                                               
                                                                               
                                                                               
                                                                               
                                                                               
                                                                               
                                                                               
                                                                               
                                                                               
     +---------------------------------+                                       
     |....*....*.......................|                                       
     |........@*........*..............|                                       
     |......+---------------+..........|                                       
     |......|                                                                  
     |......|                                                                  
     |......|                                                                  
     |......|                                                                  
     +------+                                                                  

message_loop: message ready on socket
message_loop: FROM 127.0.0.1:54870
message_loop: 1 lines:
GOLD 0 18 232
message_loop: input ready on stdin
message_send: TO 127.0.0.1:54870
message_send: 1 lines:
KEY l
message_loop: message ready on socket
message_loop: FROM 127.0.0.1:54870
message_loop: 1 lines:
GOLD 20 38 212
message_loop: message ready on socket
message_loop: FROM 127.0.0.1:54870
message_loop: 1 lines:
GOLD 0 38 212
message_loop: message ready on socket
message_loop: FROM 127.0.0.1:54870
message_loop: 22 lines:
DISPLAY
                                                                               
                                                                               
                                                                               
                                                                               
                                                                               
                                                                               
                                                                               
                                                                               
                                                                               
                                                                               
                                                                               
                                                                               
     +---------------------------------+                                       
     |....*....*.......................|                                       
     |.........@........*..............|                                       
     |......+---------------+..........|                                       
     |......|                                                                  
     |......|                                                                  
     |......|                                                                  
     |......|                                                                  
     +------+                                                                  

message_loop: message ready on socket
message_loop: FROM 127.0.0.1:54870
message_loop: 1 lines:
GOLD 0 38 212
message_loop: input ready on stdin
message_send: TO 127.0.0.1:54870
message_send: 1 lines:
KEY l
message_loop: message ready on socket
message_loop: FROM 127.0.0.1:54870
message_loop: 22 lines:
DISPLAY
                                                                               
                                                                               
                                                                               
                                                                               
                                                                               
                                                                               
                                                                               
                                                                               
                                                                               
                                                                               
                                                                               
                                                                               
     +---------------------------------+                                       
     |....*....*.......................|                                       
     |..........@.......*..............|                                       
     |......+---------------+..........|                                       
     |......|                                                                  
     |......|                                                                  
     |......|                                                                  
     |......|                                                                  
     +------+                                                                  

message_loop: message ready on socket
message_loop: FROM 127.0.0.1:54870
message_loop: 1 lines:
GOLD 0 38 212
message_loop: input ready on stdin
message_send: TO 127.0.0.1:54870
message_send: 1 lines:
KEY l
message_loop: message ready on socket
message_loop: FROM 127.0.0.1:54870
message_loop: 22 lines:
DISPLAY
                                                                               
                                                                               
                                                                               
                                                                               
                                                                               
                                                                               
                                                                               
                                                                               
                                                                               
                                                                               
                                                                               
                                                                               
     +---------------------------------+                                       
     |....*....*.......................|                                       
     |...........@......*..............|                                       
     |......+---------------+..........|                                       
     |......|                                                                  
     |......|                                                                  
     |......|                                                                  
     |......|                                                                  
     +------+                                                                  

message_loop: message ready on socket
message_loop: FROM 127.0.0.1:54870
message_loop: 1 lines:
GOLD 0 38 212
message_loop: input ready on stdin
message_send: TO 127.0.0.1:54870
message_send: 1 lines:
KEY l
message_loop: message ready on socket
message_loop: FROM 127.0.0.1:54870
message_loop: 22 lines:
DISPLAY
                                                                               
                                                                               
                                                                               
                                                                               
                                                                               
                                                                               
                                                                               
                                                                               
                                                                               
                                                                               
                                                                               
                                                                               
     +---------------------------------+                                       
     |....*....*.......................|                                       
     |............@.....*..............|                                       
     |......+---------------+..........|                                       
     |......|                          #                                       
     |......|                                                                  
     |......|                                                                  
     |......|                                                                  
     +------+                                                                  

message_loop: message ready on socket
message_loop: FROM 127.0.0.1:54870
message_loop: 1 lines:
GOLD 0 38 212
message_loop: input ready on stdin
message_send: TO 127.0.0.1:54870
message_send: 1 lines:
KEY l
message_loop: message ready on socket
message_loop: FROM 127.0.0.1:54870
message_loop: 22 lines:
DISPLAY
                                                                               
                                                                               
                                                                               
                                                                               
                                                                               
                                                                               
                                                                               
                                                                               
                                                                               
                                                                               
                                                                               
                                                                               
     +---------------------------------+                                       
     |....*....*.......................|                                       
     |.............@....*..............|                                       
     |......+---------------+..........|                                       
     |......|                         .#                                       
     |......|                                                                  
     |......|                                                                  
     |......|                                                                  
     +------+                                                                  

message_loop: message ready on socket
message_loop: FROM 127.0.0.1:54870
message_loop: 1 lines:
GOLD 0 38 212
message_loop: input ready on stdin
message_send: TO 127.0.0.1:54870
message_send: 1 lines:
KEY l
message_loop: message ready on socket
message_loop: FROM 127.0.0.1:54870
message_loop: 22 lines:
DISPLAY
                                                                               
                                                                               
                                                                               
                                                                               
                                                                               
                                                                               
                                                                               
                                                                               
                                                                               
                                                                               
                                                                               
                                                                               
     +---------------------------------+                                       
     |....*....*.......................|                                       
     |..............@...*..............|                                       
     |......+---------------+..........|                                       
     |......|                        ..#                                       
     |......|                                                                  
     |......|                                                                  
     |......|                                                                  
     +------+                                                                  

message_loop: message ready on socket
message_loop: FROM 127.0.0.1:54870
message_loop: 1 lines:
GOLD 0 38 212
message_loop: input ready on stdin
message_send: TO 127.0.0.1:54870
message_send: 1 lines:
KEY l
message_loop: message ready on socket
message_loop: FROM 127.0.0.1:54870
message_loop: 22 lines:
DISPLAY
                                                                               
                                                                               
                                                                               
                                                                               
                                                                               
                                                                               
                                                                               
                                                                               
                                                                               
                                                                               
                                                                               
                                                                               
     +---------------------------------+                                       
     |....*....*.......................|                                       
     |...............@..*..............|                                       
     |......+---------------+..........|                                       
     |......|                       *..#                                       
     |......|                                                                  
     |......|                                                                  
     |......|                                                                  
     +------+                                                                  

message_loop: message ready on socket
message_loop: FROM 127.0.0.1:54870
message_loop: 1 lines:
GOLD 0 38 212
message_loop: input ready on stdin
message_send: TO 127.0.0.1:54870
message_send: 1 lines:
KEY l
message_loop: message ready on socket
message_loop: FROM 127.0.0.1:54870
message_loop: 22 lines:
DISPLAY
                                                                               
                                                                               
                                                                               
                                                                               
                                                                               
                                                                               
                                                                               
                                                                               
                                                                               
                                                                               
                                                                               
                                                                               
     +---------------------------------+                                       
     |....*....*.......................|                                       
     |................@.*..............|                                       
     |......+---------------+..........|                                       
     |......|                      .*..#                                       
     |......|                                                                  
     |......|                                                                  
     |......|                                                                  
     +------+                                                                  

message_loop: message ready on socket
message_loop: FROM 127.0.0.1:54870
message_loop: 1 lines:
GOLD 0 38 212
message_loop: input ready on stdin
message_send: TO 127.0.0.1:54870
message_send: 1 lines:
KEY l
message_loop: message ready on socket
message_loop: FROM 127.0.0.1:54870
message_loop: 22 lines:
DISPLAY
                                                                               
                                                                               
                                                                               
                                                                               
                                                                               
                                                                               
                                                                               
                                                                               
                                                                               
                                                                               
                                                                               
                                                                               
     +---------------------------------+                                       
     |....*....*.......................|                                       
     |.................@*..............|                                       
     |......+---------------+..........|                                       
     |......|                     ..*..#                                       
     |......|                          |                                       
     |......|                                                                  
     |......|                                                                  
     +------+                                                                  

message_loop: message ready on socket
message_loop: FROM 127.0.0.1:54870
message_loop: 1 lines:
GOLD 0 38 212
message_loop: input ready on stdin
message_send: TO 127.0.0.1:54870
message_send: 1 lines:
KEY l
message_loop: message ready on socket
message_loop: FROM 127.0.0.1:54870
message_loop: 1 lines:
GOLD 16 54 196
message_loop: message ready on socket
message_loop: FROM 127.0.0.1:54870
message_loop: 1 lines:
GOLD 0 54 196
message_loop: message ready on socket
message_loop: FROM 127.0.0.1:54870
message_loop: 22 lines:
DISPLAY
                                                                               
                                                                               
                                                                               
                                                                               
                                                                               
                                                                               
                                                                               
                                                                               
                                                                               
                                                                               
                                                                               
                                                                               
     +---------------------------------+                                       
     |....*....*.......................|                                       
     |..................@..............|                                       
     |......+---------------+..........|                                       
     |......|                    ...*..#                                       
     |......|                        ..|                                       
     |......|                                                                  
     |......|                                                                  
     +------+                                                                  

message_loop: message ready on socket
message_loop: FROM 127.0.0.1:54870
message_loop: 1 lines:
GOLD 0 54 196
message_loop: input ready on stdin
message_send: TO 127.0.0.1:54870
message_send: 1 lines:
KEY l
message_loop: message ready on socket
message_loop: FROM 127.0.0.1:54870
message_loop: 22 lines:
DISPLAY
                                                                               
                                                                               
                                                                               
                                                                               
                                                                               
                                                                               
                                                                               
                                                                               
                                                                               
                                                                               
                                                                               
                                                                               
     +---------------------------------+                                       
     |....*....*.......................|                                       
     |...................@.............|                                       
     |......+---------------+..........|                                       
     |......|                   ....*..#                                       
     |......|                      ....|                                       
     |......|                         .|                                       
     |......|                                                                  
     +------+                                                                  

message_loop: message ready on socket
message_loop: FROM 127.0.0.1:54870
message_loop: 1 lines:
GOLD 0 54 196
message_loop: input ready on stdin
message_send: TO 127.0.0.1:54870
message_send: 1 lines:
KEY l
message_loop: message ready on socket
message_loop: FROM 127.0.0.1:54870
message_loop: 22 lines:
DISPLAY
                                                                               
                                                                               
                                                                               
                                                                               
                                                                               
                                                                               
                                                                               
                                                                               
                                                                               
                                                                               
                                                                               
                                                                               
     +---------------------------------+                                       
     |....*....*.......................|                                       
     |....................@............|                                       
     |......+---------------+..........|                                       
     |......|                  .....*..#                                       
     |......|                    ......|                                       
     |......|                      ....|                                       
     |......|                        ..|                                       
     +------+                          +                                       

message_loop: message ready on socket
message_loop: FROM 127.0.0.1:54870
message_loop: 1 lines:
GOLD 0 54 196
message_loop: input ready on stdin
message_send: TO 127.0.0.1:54870
message_send: 1 lines:
KEY l
message_loop: message ready on socket
message_loop: FROM 127.0.0.1:54870
message_loop: 22 lines:
DISPLAY
                                                                               
                                                                               
                                                                               
                                                                               
                                                                               
                                                                               
                                                                               
                                                                               
                                                                               
                                                                               
                                                                               
                                                                               
     +---------------------------------+                                       
     |....*....*.......................|                                       
     |.....................@...........|                                       
     |......+---------------+..........|                                       
     |......|                 ......*..#                                       
     |......|                  ........|                                       
     |......|                   .......|                                       
     |......|                    ......|                                       
     +------+                     -----+                                       

message_loop: message ready on socket
message_loop: FROM 127.0.0.1:54870
message_loop: 1 lines:
GOLD 0 54 196
message_loop: input ready on stdin
message_send: TO 127.0.0.1:54870
message_send: 1 lines:
KEY l
message_loop: message ready on socket
message_loop: FROM 127.0.0.1:54870
message_loop: 22 lines:
DISPLAY
                                                                               
                                                                               
                                                                               
                                                                               
                                                                               
                                                                               
                                                                               
                                                                               
                                                                               
                                                                               
                                                                               
                                                                               
     +---------------------------------+                                       
     |....*....*.......................|                                       
     |......................@..........|                                       
     |......+---------------+..........|                                       
     |......|                *......*..#                                       
     |......|                ..........|                                       
     |......|                ..........|                                       
     |......|                ..........|                                       
     +------+                ----------+                                       

message_loop: message ready on socket
message_loop: FROM 127.0.0.1:54870
message_loop: 1 lines:
GOLD 0 54 196
message_loop: input ready on stdin
message_send: TO 127.0.0.1:54870
message_send: 1 lines:
KEY l
message_loop: message ready on socket
message_loop: FROM 127.0.0.1:54870
message_loop: 22 lines:
DISPLAY
                                                                               
                                                                               
                                                                               
                                                                               
                                                                               
                                                                               
                                                                               
                                                                               
                                                                               
                                                                               
                                                                               
                                                                               
     +---------------------------------+                                       
     |....*....*.......................|                                       
     |.......................@.........|                                       
     |......+---------------+..........|                                       
     |......|               |*......*..#                                       
     |......|               |..........|                                       
     |......|               |..........|                                       
     |......|               |..........|                                       
     +------+               +----------+                                       

message_loop: message ready on socket
message_loop: FROM 127.0.0.1:54870
message_loop: 1 lines:
GOLD 0 54 196
message_loop: input ready on stdin
message_send: TO 127.0.0.1:54870
message_send: 1 lines:
KEY l
message_loop: message ready on socket
message_loop: FROM 127.0.0.1:54870
message_loop: 22 lines:
DISPLAY
                                                                               
                                                                               
                                                                               
                                                                               
                                                                               
                                                                               
                                                                               
                                                                               
                                                                               
                                                                               
                                                                               
                                                                               
     +---------------------------------+                                       
     |....*....*.......................|                                       
     |........................@........|                                       
     |......+---------------+..........|                                       
     |......|               |*......*..#                                       
     |......|               |..........|                                       
     |......|               |..........|                                       
     |......|               |..........|                                       
     +------+               +----------+                                       

message_loop: message ready on socket
message_loop: FROM 127.0.0.1:54870
message_loop: 1 lines:
GOLD 0 54 196
message_loop: input ready on stdin
message_send: TO 127.0.0.1:54870
message_send: 1 lines:
KEY l
message_loop: message ready on socket
message_loop: FROM 127.0.0.1:54870
message_loop: 22 lines:
DISPLAY
                                                                               
                                                                               
                                                                               
                                                                               
                                                                               
                                                                               
                                                                               
                                                                               
                                                                               
                                                                               
                                                                               
                                                                               
     +---------------------------------+                                       
     |....*....*.......................|                                       
     |.........................@.......|                                       
     |......+---------------+..........|                                       
     |......|               |*......*..#                                       
     |......|               |..........|                                       
     |......|               |..........|                                       
     |......|               |..........|                                       
     +------+               +----------+                                       

message_loop: message ready on socket
message_loop: FROM 127.0.0.1:54870
message_loop: 1 lines:
GOLD 0 54 196
message_loop: input ready on stdin
message_send: TO 127.0.0.1:54870
message_send: 1 lines:
KEY l
message_loop: message ready on socket
message_loop: FROM 127.0.0.1:54870
message_loop: 22 lines:
DISPLAY
                                                                               
                                                                               
                                                                               
                                                                               
                                                                               
                                                                               
                                                                               
                                                                               
                                                                               
                                                                               
                                                                               
                                                                               
     +---------------------------------+                                       
     |....*....*.......................|                                       
     |..........................@......|                                       
     |......+---------------+..........|                                       
     |......|               |*......*..#                                       
     |......|               |..........|                                       
     |......|               |..........|                                       
     |......|               |..........|                                       
     +------+               +----------+                                       

message_loop: message ready on socket
message_loop: FROM 127.0.0.1:54870
message_loop: 1 lines:
GOLD 0 54 196
message_loop: input ready on stdin
message_send: TO 127.0.0.1:54870
message_send: 1 lines:
KEY l
message_loop: message ready on socket
message_loop: FROM 127.0.0.1:54870
message_loop: 22 lines:
DISPLAY
                                                                               
                                                                               
                                                                               
                                                                               
                                                                               
                                                                               
                                                                               
                                                                               
                                                                               
                                                                               
                                                                               
                                                                               
     +---------------------------------+                                       
     |....*....*.......................|                                       
     |...........................@.....|                                       
     |......+---------------+..........|                                       
     |......|               |*......*..#                                       
     |......|               |..........|                                       
     |......|               |..........|                                       
     |......|               |..........|                                       
     +------+               +----------+                                       

message_loop: message ready on socket
message_loop: FROM 127.0.0.1:54870
message_loop: 1 lines:
GOLD 0 54 196
message_loop: input ready on stdin
message_send: TO 127.0.0.1:54870
message_send: 1 lines:
KEY l
message_loop: message ready on socket
message_loop: FROM 127.0.0.1:54870
message_loop: 22 lines:
DISPLAY
                                                                               
                                                                               
                                                                               
                                                                               
                                                                               
                                                                               
                                                                               
                                                                               
                                                                               
                                                                               
                                                                               
                                                                               
     +---------------------------------+                                       
     |....*....*.......................|                                       
     |............................@....|                                       
     |......+---------------+..........|                                       
     |......|               |*......*..#                                       
     |......|               |..........|                                       
     |......|               |..........|                                       
     |......|               |..........|                                       
     +------+               +----------+                                       

message_loop: message ready on socket
message_loop: FROM 127.0.0.1:54870
message_loop: 1 lines:
GOLD 0 54 196
message_loop: input ready on stdin
message_send: TO 127.0.0.1:54870
message_send: 1 lines:
KEY k
message_loop: message ready on socket
message_loop: FROM 127.0.0.1:54870
message_loop: 22 lines:
DISPLAY
                                                                               
                                                                               
                                                                               
                                                                               
                                                                               
                                                                               
                                                                               
                                                                               
                                                                               
                                                                               
                                                                               
                                                                               
     +---------------------------------+                                       
     |....*....*..................@....|                                       
     |.................................|                                       
     |......+---------------+..........|                                       
     |......|               |*......*..#                                       
     |......|               |..........|                                       
     |......|               |..........|                                       
     |......|               |..........|                                       
     +------+               +----------+                                       

message_loop: message ready on socket
message_loop: FROM 127.0.0.1:54870
message_loop: 1 lines:
GOLD 0 54 196
message_loop: input ready on stdin
message_send: TO 127.0.0.1:54870
message_send: 1 lines:
KEY k
message_loop: message ready on socket
message_loop: FROM 127.0.0.1:54870
message_loop: 22 lines:
DISPLAY
                                                                               
                                                                               
                                                                               
                                                                               
                                                                               
                                                                               
                                                                               
                                                                               
                                                                               
                                                                               
                                                                               
                                                                               
     +---------------------------------+                                       
     |....*....*..................@....|                                       
     |.................................|                                       
     |......+---------------+..........|                                       
     |......|               |*......*..#                                       
     |......|               |..........|                                       
     |......|               |..........|                                       
     |......|               |..........|                                       
     +------+               +----------+                                       

message_loop: message ready on socket
message_loop: FROM 127.0.0.1:54870
message_loop: 1 lines:
GOLD 0 54 196
message_loop: input ready on stdin
message_send: TO 127.0.0.1:54870
message_send: 1 lines:
KEY k
message_loop: message ready on socket
message_loop: FROM 127.0.0.1:54870
message_loop: 22 lines:
DISPLAY
                                                                               
                                                                               
                                                                               
                                                                               
                                                                               
                                                                               
                                                                               
                                                                               
                                                                               
                                                                               
                                                                               
                                                                               
     +---------------------------------+                                       
     |....*....*..................@....|                                       
     |.................................|                                       
     |......+---------------+..........|                                       
     |......|               |*......*..#                                       
     |......|               |..........|                                       
     |......|               |..........|                                       
     |......|               |..........|                                       
     +------+               +----------+                                       

message_loop: message ready on socket
message_loop: FROM 127.0.0.1:54870
message_loop: 1 lines:
GOLD 0 54 196
message_loop: input ready on stdin
message_send: TO 127.0.0.1:54870
message_send: 1 lines:
KEY j
message_loop: message ready on socket
message_loop: FROM 127.0.0.1:54870
message_loop: 22 lines:
DISPLAY
                                                                               
                                                                               
                                                                               
                                                                               
                                                                               
                                                                               
                                                                               
                                                                               
                                                                               
                                                                               
                                                                               
                                                                               
     +---------------------------------+                                       
     |....*....*.......................|                                       
     |............................@....|                                       
     |......+---------------+..........|                                       
     |......|               |*......*..#                                       
     |......|               |..........|                                       
     |......|               |..........|                                       
     |......|               |..........|                                       
     +------+               +----------+                                       

message_loop: message ready on socket
message_loop: FROM 127.0.0.1:54870
message_loop: 1 lines:
GOLD 0 54 196
message_loop: input ready on stdin
message_send: TO 127.0.0.1:54870
message_send: 1 lines:
KEY j
message_loop: message ready on socket
message_loop: FROM 127.0.0.1:54870
message_loop: 22 lines:
DISPLAY
                                                                               
                                                                               
                                                                               
                                                                               
                                                                               
                                                                               
                                                                               
                                                                               
                                                                               
                                                                               
                                                                               
                                                                               
     +---------------------------------+                                       
     |....*....*.......................|                                       
     |.................................|                                       
     |......+---------------+.....@....|                                       
     |......|               |*......*..#                                       
     |......|               |..........|                                       
     |......|               |..........|                                       
     |......|               |..........|                                       
     +------+               +----------+                                       

message_loop: message ready on socket
message_loop: FROM 127.0.0.1:54870
message_loop: 1 lines:
GOLD 0 54 196
message_loop: input ready on stdin
message_send: TO 127.0.0.1:54870
message_send: 1 lines:
KEY j
message_loop: message ready on socket
message_loop: FROM 127.0.0.1:54870
message_loop: 22 lines:
DISPLAY
                                                                               
                                                                               
                                                                               
                                                                               
                                                                               
                                                                               
                                                                               
                                                                               
                                                                               
                                                                               
                                                                               
                                                                               
     +---------------------------------+                                       
     |.................................|                                       
     |.................................|                                       
     |......+---------------+..........|                                       
     |......|               |*....@.*..#                                       
     |......|               |..........|                                       
     |......|               |..........|                                       
     |......|               |..........|                                       
     +------+               +----------+                                       

message_loop: message ready on socket
message_loop: FROM 127.0.0.1:54870
message_loop: 1 lines:
GOLD 0 54 196
message_loop: input ready on stdin
message_send: TO 127.0.0.1:54870
message_send: 1 lines:
KEY j
message_loop: message ready on socket
message_loop: FROM 127.0.0.1:54870
message_loop: 22 lines:
DISPLAY
                                                                               
                                                                               
                                                                               
                                                                               
                                                                               
                                                                               
                                                                               
                                                                               
                                                                               
                                                                               
                                                                               
                                                                               
     +---------------------------------+                                       
     |.................................|                                       
     |.................................|                                       
     |......+---------------+..........|                                       
     |......|               |*......*..#                                       
     |......|               |.....@....|                                       
     |......|               |..........|                                       
     |......|               |..........|                                       
     +------+               +----------+                                       

message_loop: message ready on socket
message_loop: FROM 127.0.0.1:54870
message_loop: 1 lines:
GOLD 0 54 196
message_loop: input ready on stdin
message_send: TO 127.0.0.1:54870
message_send: 1 lines:
KEY k
message_loop: message ready on socket
message_loop: FROM 127.0.0.1:54870
message_loop: 22 lines:
DISPLAY
                                                                               
                                                                               
                                                                               
                                                                               
                                                                               
                                                                               
                                                                               
                                                                               
                                                                               
                                                                               
                                                                               
                                                                               
     +---------------------------------+                                       
     |.................................|                                       
     |.................................|                                       
     |......+---------------+..........|                                       
     |......|               |*....@.*..#                                       
     |......|               |..........|                                       
     |......|               |..........|                                       
     |......|               |..........|                                       
     +------+               +----------+                                       

message_loop: message ready on socket
message_loop: FROM 127.0.0.1:54870
message_loop: 1 lines:
GOLD 0 54 196
message_loop: input ready on stdin
message_send: TO 127.0.0.1:54870
message_send: 1 lines:
KEY l
message_loop: message ready on socket
message_loop: FROM 127.0.0.1:54870
message_loop: 22 lines:
DISPLAY
                                                                               
                                                                               
                                                                               
                                                                               
                                                                               
                                                                               
                                                                               
                                                                               
                                                                               
                                                                               
                                                                               
                                                                               
     +---------------------------------+                                       
     |.........*.......................|                                       
     |.................................|                                       
     |......+---------------+..........|                                       
     |......|               |*.....@*..#                                       
     |......|               |..........|                                       
     |......|               |..........|                                       
     |......|               |..........|                                       
     +------+               +----------+                                       

message_loop: message ready on socket
message_loop: FROM 127.0.0.1:54870
message_loop: 1 lines:
GOLD 0 54 196
message_loop: input ready on stdin
message_send: TO 127.0.0.1:54870
message_send: 1 lines:
KEY l
message_loop: message ready on socket
message_loop: FROM 127.0.0.1:54870
message_loop: 1 lines:
GOLD 16 70 180
message_loop: message ready on socket
message_loop: FROM 127.0.0.1:54870
message_loop: 1 lines:
GOLD 0 70 180
message_loop: message ready on socket
message_loop: FROM 127.0.0.1:54870
message_loop: 22 lines:
DISPLAY
                                                                               
                                                                               
                                                                               
                                                                               
                                                                               
                                                                               
                                                                               
                                                                               
                                                                               
                                                                               
                                                                               
                                                                               
     +---------------------------------+                                       
     |.........*.......................|                                       
     |.................................|                                       
     |......+---------------+..........|                                       
     |......|               |*......@..#                                       
     |......|               |..........|                                       
     |......|               |..........|                                       
     |......|               |..........|                                       
     +------+               +----------+                                       

message_loop: message ready on socket
message_loop: FROM 127.0.0.1:54870
message_loop: 1 lines:
GOLD 0 70 180
message_loop: input ready on stdin
message_send: TO 127.0.0.1:54870
message_send: 1 lines:
KEY l
message_loop: message ready on socket
message_loop: FROM 127.0.0.1:54870
message_loop: 22 lines:
DISPLAY
                                                                               
                                                                               
                                                                               
                                                                               
                                                                               
                                                                               
                                                                               
                                                                               
                                                                               
                                                                               
                                                                               
                                                                               
     +---------------------------------+                                       
     |.........*.......................|                                       
     |.................................|                                       
     |......+---------------+..........|                                       
     |......|               |*.......@.#                                       
     |......|               |..........|                                       
     |......|               |..........|                                       
     |......|               |..........|                                       
     +------+               +----------+                                       

message_loop: message ready on socket
message_loop: FROM 127.0.0.1:54870
message_loop: 1 lines:
GOLD 0 70 180
message_loop: input ready on stdin
message_send: TO 127.0.0.1:54870
message_send: 1 lines:
KEY l
message_loop: message ready on socket
message_loop: FROM 127.0.0.1:54870
message_loop: 22 lines:
DISPLAY
                                                                               
                                                                               
                                                                               
                                                                               
                                                                               
                                                                               
                                                                               
                                                                               
                                                                               
                                                                               
                                                                               
                                                                               
     +---------------------------------+                                       
     |....*....*.......................|                                       
     |.................................|                                       
     |......+---------------+..........|                                       
     |......|               |*........@#                                       
     |......|               |..........|                                       
     |......|               |..........|                                       
     |......|               |..........|                                       
     +------+               +----------+                                       

message_loop: message ready on socket
message_loop: FROM 127.0.0.1:54870
message_loop: 1 lines:
GOLD 0 70 180
message_loop: input ready on stdin
message_send: TO 127.0.0.1:54870
message_send: 1 lines:
KEY l
message_loop: message ready on socket
message_loop: FROM 127.0.0.1:54870
message_loop: 22 lines:
DISPLAY
                                                                               
                                                                               
                                                                               
                                                                               
                                                                               
                                                                               
                                                                               
                                                                               
                                                                               
                                                                               
                                                                               
                                                                               
     +---------------------------------+                                       
     |.................................|                                       
     |.................................|                                       
     |......+---------------+..........|                                       
     |......|               |..........@#                                      
     |......|               |..........|                                       
     |......|               |..........|                                       
     |......|               |..........|                                       
     +------+               +----------+                                       

message_loop: message ready on socket
message_loop: FROM 127.0.0.1:54870
message_loop: 1 lines:
GOLD 0 70 180
message_loop: input ready on stdin
message_send: TO 127.0.0.1:54870
message_send: 1 lines:
KEY l
message_loop: message ready on socket
message_loop: FROM 127.0.0.1:54870
message_loop: 22 lines:
DISPLAY
                                                                               
                                                                               
                                                                               
                                                                               
                                                                               
                                                                               
                                                                               
                                                                               
                                                                               
                                                                               
                                                                               
                                                                               
     +---------------------------------+                                       
     |.................................|                                       
     |.................................|                                       
     |......+---------------+..........|                                       
     |......|               |..........#@#                                     
     |......|               |..........|                                       
     |......|               |..........|                                       
     |......|               |..........|                                       
     +------+               +----------+                                       

message_loop: message ready on socket
message_loop: FROM 127.0.0.1:54870
message_loop: 1 lines:
GOLD 0 70 180
message_loop: input ready on stdin
message_send: TO 127.0.0.1:54870
message_send: 1 lines:
KEY l
message_loop: message ready on socket
message_loop: FROM 127.0.0.1:54870
message_loop: 22 lines:
DISPLAY
                                                                               
                                                                               
                                                                               
                                                                               
                                                                               
                                                                               
                                                                               
                                                                               
                                                                               
                                                                               
                                                                               
                                                                               
     +---------------------------------+                                       
     |.................................|                                       
     |.................................|                                       
     |......+---------------+..........|                                       
     |......|               |..........##@#                                    
     |......|               |..........|                                       
     |......|               |..........|                                       
     |......|               |..........|                                       
     +------+               +----------+                                       

message_loop: message ready on socket
message_loop: FROM 127.0.0.1:54870
message_loop: 1 lines:
GOLD 0 70 180
message_loop: input ready on stdin
message_send: TO 127.0.0.1:54870
message_send: 1 lines:
KEY l
message_loop: message ready on socket
message_loop: FROM 127.0.0.1:54870
message_loop: 22 lines:
DISPLAY
                                                                               
                                                                               
                                                                               
                                                                               
                                                                               
                                                                               
                                                                               
                                                                               
                                                                               
                                                                               
                                                                               
                                                                               
     +---------------------------------+                                       
     |.................................|                                       
     |.................................|                                       
     |......+---------------+..........|                                       
     |......|               |..........###@#                                   
     |......|               |..........|                                       
     |......|               |..........|                                       
     |......|               |..........|                                       
     +------+               +----------+                                       

message_loop: message ready on socket
message_loop: FROM 127.0.0.1:54870
message_loop: 1 lines:
GOLD 0 70 180
message_loop: input ready on stdin
message_send: TO 127.0.0.1:54870
message_send: 1 lines:
KEY l
message_loop: message ready on socket
message_loop: FROM 127.0.0.1:54870
message_loop: 22 lines:
DISPLAY
                                                                               
                                                                               
                                                                               
                                                                               
                                                                               
                                                                               
                                                                               
                                                                               
                                                                               
                                                                               
                                                                               
                                                                               
     +---------------------------------+                                       
     |.................................|                                       
     |.................................|                                       
     |......+---------------+..........|                                       
     |......|               |..........####@#                                  
     |......|               |..........|                                       
     |......|               |..........|                                       
     |......|               |..........|                                       
     +------+               +----------+                                       

message_loop: message ready on socket
message_loop: FROM 127.0.0.1:54870
message_loop: 1 lines:
GOLD 0 70 180
message_loop: input ready on stdin
message_send: TO 127.0.0.1:54870
message_send: 1 lines:
KEY l
message_loop: message ready on socket
message_loop: FROM 127.0.0.1:54870
message_loop: 22 lines:
DISPLAY
                                                                               
                                                                               
                                                                               
                                                                               
                                                                               
                                                                               
                                                                               
                                                                               
                                                                               
                                                                               
                                                                               
                                                                               
     +---------------------------------+                                       
     |.................................|                                       
     |.................................|                                       
     |......+---------------+..........|                                       
     |......|               |..........#####@#                                 
     |......|               |..........|                                       
     |......|               |..........|                                       
     |......|               |..........|                                       
     +------+               +----------+                                       

message_loop: message ready on socket
message_loop: FROM 127.0.0.1:54870
message_loop: 1 lines:
GOLD 0 70 180
message_loop: input ready on stdin
message_send: TO 127.0.0.1:54870
message_send: 1 lines:
KEY l
message_loop: message ready on socket
message_loop: FROM 127.0.0.1:54870
message_loop: 22 lines:
DISPLAY
                                                                               
                                                                               
                                                                               
                                                                               
                                                                               
                                                                               
                                                                               
                                                                               
                                                                               
                                                                               
                                                                               
                                                                               
     +---------------------------------+                                       
     |.................................|                                       
     |.................................|                                       
     |......+---------------+..........|                                       
     |......|               |..........######@#                                
     |......|               |..........|                                       
     |......|               |..........|                                       
     |......|               |..........|                                       
     +------+               +----------+                                       

message_loop: message ready on socket
message_loop: FROM 127.0.0.1:54870
message_loop: 1 lines:
GOLD 0 70 180
message_loop: input ready on stdin
message_send: TO 127.0.0.1:54870
message_send: 1 lines:
KEY l
message_loop: message ready on socket
message_loop: FROM 127.0.0.1:54870
message_loop: 22 lines:
DISPLAY
                                                                               
                                                                               
                                                                               
                                                                               
                                                                               
                                                                               
                                                                               
                                                                               
                                                                               
                                                                               
                                                                               
                                                                               
     +---------------------------------+                                       
     |.................................|                                       
     |.................................|                                       
     |......+---------------+..........|                                       
     |......|               |..........#######@#                               
     |......|               |..........|                                       
     |......|               |..........|                                       
     |......|               |..........|                                       
     +------+               +----------+                                       

message_loop: message ready on socket
message_loop: FROM 127.0.0.1:54870
message_loop: 1 lines:
GOLD 0 70 180
message_loop: input ready on stdin
message_send: TO 127.0.0.1:54870
message_send: 1 lines:
KEY l
message_loop: message ready on socket
message_loop: FROM 127.0.0.1:54870
message_loop: 22 lines:
DISPLAY
                                                                               
                                                                               
                                                                               
                                                                               
                                                                               
                                                                               
                                                                               
                                                                               
                                                                               
                                                                               
                                                                               
                                                                               
     +---------------------------------+                                       
     |.................................|                                       
     |.................................|                                       
     |......+---------------+..........|                                       
     |......|               |..........########@#                              
     |......|               |..........|                                       
     |......|               |..........|                                       
     |......|               |..........|                                       
     +------+               +----------+                                       

message_loop: message ready on socket
message_loop: FROM 127.0.0.1:54870
message_loop: 1 lines:
GOLD 0 70 180
message_loop: input ready on stdin
message_send: TO 127.0.0.1:54870
message_send: 1 lines:
KEY l
message_loop: message ready on socket
message_loop: FROM 127.0.0.1:54870
message_loop: 22 lines:
DISPLAY
                                                                               
                                                                               
                                                                               
                                                                               
                                                                               
                                                                               
                                                                               
                                                                               
                                                                               
                                                                               
                                                                               
                                                                               
     +---------------------------------+                                       
     |.................................|                                       
     |.................................|                                       
     |......+---------------+..........|        #                              
     |......|               |..........#########@                              
     |......|               |..........|                                       
     |......|               |..........|                                       
     |......|               |..........|                                       
     +------+               +----------+                                       

message_loop: message ready on socket
message_loop: FROM 127.0.0.1:54870
message_loop: 1 lines:
GOLD 0 70 180
message_loop: input ready on stdin
message_send: TO 127.0.0.1:54870
message_send: 1 lines:
KEY l
message_loop: message ready on socket
message_loop: FROM 127.0.0.1:54870
message_loop: 22 lines:
DISPLAY
                                                                               
                                                                               
                                                                               
                                                                               
                                                                               
                                                                               
                                                                               
                                                                               
                                                                               
                                                                               
                                                                               
                                                                               
     +---------------------------------+                                       
     |.................................|                                       
     |.................................|                                       
     |......+---------------+..........|        #                              
     |......|               |..........#########@                              
     |......|               |..........|                                       
     |......|               |..........|                                       
     |......|               |..........|                                       
     +------+               +----------+                                       

message_loop: message ready on socket
message_loop: FROM 127.0.0.1:54870
message_loop: 1 lines:
GOLD 0 70 180
message_loop: input ready on stdin
message_send: TO 127.0.0.1:54870
message_send: 1 lines:
KEY l
message_loop: message ready on socket
message_loop: FROM 127.0.0.1:54870
message_loop: 22 lines:
DISPLAY
                                                                               
                                                                               
                                                                               
                                                                               
                                                                               
                                                                               
                                                                               
                                                                               
                                                                               
                                                                               
                                                                               
                                                                               
     +---------------------------------+                                       
     |.................................|                                       
     |.................................|                                       
     |......+---------------+..........|        #                              
     |......|               |..........#########@                              
     |......|               |..........|                                       
     |......|               |..........|                                       
     |......|               |..........|                                       
     +------+               +----------+                                       

message_loop: message ready on socket
message_loop: FROM 127.0.0.1:54870
message_loop: 1 lines:
GOLD 0 70 180
message_loop: input ready on stdin
message_send: TO 127.0.0.1:54870
message_send: 1 lines:
KEY l
message_loop: message ready on socket
message_loop: FROM 127.0.0.1:54870
message_loop: 22 lines:
DISPLAY
                                                                               
                                                                               
                                                                               
                                                                               
                                                                               
                                                                               
                                                                               
                                                                               
                                                                               
                                                                               
                                                                               
                                                                               
     +---------------------------------+                                       
     |.................................|                                       
     |.................................|                                       
     |......+---------------+..........|        #                              
     |......|               |..........#########@                              
     |......|               |..........|                                       
     |......|               |..........|                                       
     |......|               |..........|                                       
     +------+               +----------+                                       

message_loop: message ready on socket
message_loop: FROM 127.0.0.1:54870
message_loop: 1 lines:
GOLD 0 70 180
message_loop: input ready on stdin
message_send: TO 127.0.0.1:54870
message_send: 1 lines:
KEY j
message_loop: message ready on socket
message_loop: FROM 127.0.0.1:54870
message_loop: 22 lines:
DISPLAY
                                                                               
                                                                               
                                                                               
                                                                               
                                                                               
                                                                               
                                                                               
                                                                               
                                                                               
                                                                               
                                                                               
                                                                               
     +---------------------------------+                                       
     |.................................|                                       
     |.................................|                                       
     |......+---------------+..........|        #                              
     |......|               |..........#########@                              
     |......|               |..........|                                       
     |......|               |..........|                                       
     |......|               |..........|                                       
     +------+               +----------+                                       

message_loop: message ready on socket
message_loop: FROM 127.0.0.1:54870
message_loop: 1 lines:
GOLD 0 70 180
message_loop: input ready on stdin
message_send: TO 127.0.0.1:54870
message_send: 1 lines:
KEY j
message_loop: message ready on socket
message_loop: FROM 127.0.0.1:54870
message_loop: 22 lines:
DISPLAY
                                                                               
                                                                               
                                                                               
                                                                               
                                                                               
                                                                               
                                                                               
                                                                               
                                                                               
                                                                               
                                                                               
                                                                               
     +---------------------------------+                                       
     |.................................|                                       
     |.................................|                                       
     |......+---------------+..........|        #                              
     |......|               |..........#########@                              
     |......|               |..........|                                       
     |......|               |..........|                                       
     |......|               |..........|                                       
     +------+               +----------+                                       

message_loop: message ready on socket
message_loop: FROM 127.0.0.1:54870
message_loop: 1 lines:
GOLD 0 70 180
message_loop: input ready on stdin
message_send: TO 127.0.0.1:54870
message_send: 1 lines:
KEY h
message_loop: message ready on socket
message_loop: FROM 127.0.0.1:54870
message_loop: 22 lines:
DISPLAY
                                                                               
                                                                               
                                                                               
                                                                               
                                                                               
                                                                               
                                                                               
                                                                               
                                                                               
                                                                               
                                                                               
                                                                               
     +---------------------------------+                                       
     |.................................|                                       
     |.................................|                                       
     |......+---------------+..........|        #                              
     |......|               |..........########@#                              
     |......|               |..........|                                       
     |......|               |..........|                                       
     |......|               |..........|                                       
     +------+               +----------+                                       

message_loop: message ready on socket
message_loop: FROM 127.0.0.1:54870
message_loop: 1 lines:
GOLD 0 70 180
message_loop: input ready on stdin
message_send: TO 127.0.0.1:54870
message_send: 1 lines:
KEY h
message_loop: message ready on socket
message_loop: FROM 127.0.0.1:54870
message_loop: 22 lines:
DISPLAY
                                                                               
                                                                               
                                                                               
                                                                               
                                                                               
                                                                               
                                                                               
                                                                               
                                                                               
                                                                               
                                                                               
                                                                               
     +---------------------------------+                                       
     |.................................|                                       
     |.................................|                                       
     |......+---------------+..........|        #                              
     |......|               |..........#######@##                              
     |......|               |..........|                                       
     |......|               |..........|                                       
     |......|               |..........|                                       
     +------+               +----------+                                       

message_loop: message ready on socket
message_loop: FROM 127.0.0.1:54870
message_loop: 1 lines:
GOLD 0 70 180
message_loop: input ready on stdin
message_send: TO 127.0.0.1:54870
message_send: 1 lines:
KEY h
message_loop: message ready on socket
message_loop: FROM 127.0.0.1:54870
message_loop: 22 lines:
DISPLAY
                                                                               
                                                                               
                                                                               
                                                                               
                                                                               
                                                                               
                                                                               
                                                                               
                                                                               
                                                                               
                                                                               
                                                                               
     +---------------------------------+                                       
     |.................................|                                       
     |.................................|                                       
     |......+---------------+..........|        #                              
     |......|               |..........######@###                              
     |......|               |..........|                                       
     |......|               |..........|                                       
     |......|               |..........|                                       
     +------+               +----------+                                       

message_loop: message ready on socket
message_loop: FROM 127.0.0.1:54870
message_loop: 1 lines:
GOLD 0 70 180
message_loop: input ready on stdin
message_send: TO 127.0.0.1:54870
message_send: 1 lines:
KEY l
message_loop: message ready on socket
message_loop: FROM 127.0.0.1:54870
message_loop: 22 lines:
DISPLAY
                                                                               
                                                                               
                                                                               
                                                                               
                                                                               
                                                                               
                                                                               
                                                                               
                                                                               
                                                                               
                                                                               
                                                                               
     +---------------------------------+                                       
     |.................................|                                       
     |.................................|                                       
     |......+---------------+..........|        #                              
     |......|               |..........#######@##                              
     |......|               |..........|                                       
     |......|               |..........|                                       
     |......|               |..........|                                       
     +------+               +----------+                                       

message_loop: message ready on socket
message_loop: FROM 127.0.0.1:54870
message_loop: 1 lines:
GOLD 0 70 180
message_loop: input ready on stdin
message_send: TO 127.0.0.1:54870
message_send: 1 lines:
KEY l
message_loop: message ready on socket
message_loop: FROM 127.0.0.1:54870
message_loop: 22 lines:
DISPLAY
                                                                               
                                                                               
                                                                               
                                                                               
                                                                               
                                                                               
                                                                               
                                                                               
                                                                               
                                                                               
                                                                               
                                                                               
     +---------------------------------+                                       
     |.................................|                                       
     |.................................|                                       
     |......+---------------+..........|        #                              
     |......|               |..........########@#                              
     |......|               |..........|                                       
     |......|               |..........|                                       
     |......|               |..........|                                       
     +------+               +----------+                                       

message_loop: message ready on socket
message_loop: FROM 127.0.0.1:54870
message_loop: 1 lines:
GOLD 0 70 180
message_loop: input ready on stdin
message_send: TO 127.0.0.1:54870
message_send: 1 lines:
KEY l
message_loop: message ready on socket
message_loop: FROM 127.0.0.1:54870
message_loop: 22 lines:
DISPLAY
                                                                               
                                                                               
                                                                               
                                                                               
                                                                               
                                                                               
                                                                               
                                                                               
                                                                               
                                                                               
                                                                               
                                                                               
     +---------------------------------+                                       
     |.................................|                                       
     |.................................|                                       
     |......+---------------+..........|        #                              
     |......|               |..........#########@                              
     |......|               |..........|                                       
     |......|               |..........|                                       
     |......|               |..........|                                       
     +------+               +----------+                                       

message_loop: message ready on socket
message_loop: FROM 127.0.0.1:54870
message_loop: 1 lines:
GOLD 0 70 180
message_loop: input ready on stdin
message_send: TO 127.0.0.1:54870
message_send: 1 lines:
KEY l
message_loop: message ready on socket
message_loop: FROM 127.0.0.1:54870
message_loop: 22 lines:
DISPLAY
                                                                               
                                                                               
                                                                               
                                                                               
                                                                               
                                                                               
                                                                               
                                                                               
                                                                               
                                                                               
                                                                               
                                                                               
     +---------------------------------+                                       
     |.................................|                                       
     |.................................|                                       
     |......+---------------+..........|        #                              
     |......|               |..........#########@                              
     |......|               |..........|                                       
     |......|               |..........|                                       
     |......|               |..........|                                       
     +------+               +----------+                                       

message_loop: message ready on socket
message_loop: FROM 127.0.0.1:54870
message_loop: 1 lines:
GOLD 0 70 180
message_loop: input ready on stdin
message_send: TO 127.0.0.1:54870
message_send: 1 lines:
KEY k
message_loop: message ready on socket
message_loop: FROM 127.0.0.1:54870
message_loop: 22 lines:
DISPLAY
                                                                               
                                                                               
                                                                               
                                                                               
                                                                               
                                                                               
                                                                               
                                                                               
                                                                               
                                                                               
                                                                               
                                                                               
     +---------------------------------+                                       
     |.................................|                                       
     |.................................|        #                              
     |......+---------------+..........|        @                              
     |......|               |..........##########                              
     |......|               |..........|                                       
     |......|               |..........|                                       
     |......|               |..........|                                       
     +------+               +----------+                                       

message_loop: message ready on socket
message_loop: FROM 127.0.0.1:54870
message_loop: 1 lines:
GOLD 0 70 180
message_loop: input ready on stdin
message_send: TO 127.0.0.1:54870
message_send: 1 lines:
KEY k
message_loop: message ready on socket
message_loop: FROM 127.0.0.1:54870
message_loop: 22 lines:
DISPLAY
                                                                               
                                                                               
                                                                               
                                                                               
                                                                               
                                                                               
                                                                               
                                                                               
                                                                               
                                                                               
                                                                               
                                                                               
     +---------------------------------+                                       
     |.................................|        #                              
     |.................................|        @                              
     |......+---------------+..........|        #                              
     |......|               |..........##########                              
     |......|               |..........|                                       
     |......|               |..........|                                       
     |......|               |..........|                                       
     +------+               +----------+                                       

message_loop: message ready on socket
message_loop: FROM 127.0.0.1:54870
message_loop: 1 lines:
GOLD 0 70 180
message_loop: input ready on stdin
message_send: TO 127.0.0.1:54870
message_send: 1 lines:
KEY k
message_loop: message ready on socket
message_loop: FROM 127.0.0.1:54870
message_loop: 22 lines:
DISPLAY
                                                                               
                                                                               
                                                                               
                                                                               
                                                                               
                                                                               
                                                                               
                                                                               
                                                                               
                                                                               
                                                                               
                                                                               
     +---------------------------------+        #                              
     |.................................|        @#                             
     |.................................|        #                              
     |......+---------------+..........|        #                              
     |......|               |..........##########                              
     |......|               |..........|                                       
     |......|               |..........|                                       
     |......|               |..........|                                       
     +------+               +----------+                                       

message_loop: message ready on socket
message_loop: FROM 127.0.0.1:54870
message_loop: 1 lines:
GOLD 0 70 180
message_loop: input ready on stdin
message_send: TO 127.0.0.1:54870
message_send: 1 lines:
KEY k
message_loop: message ready on socket
message_loop: FROM 127.0.0.1:54870
message_loop: 22 lines:
DISPLAY
                                                                               
                                                                               
                                                                               
                                                                               
                                                                               
                                                                               
                                                                               
                                                                               
                                                                               
                                                                               
                                                                               
                                                #                              
     +---------------------------------+        @                              
     |.................................|        ##                             
     |.................................|        #                              
     |......+---------------+..........|        #                              
     |......|               |..........##########                              
     |......|               |..........|                                       
     |......|               |..........|                                       
     |......|               |..........|                                       
     +------+               +----------+                                       

message_loop: message ready on socket
message_loop: FROM 127.0.0.1:54870
message_loop: 1 lines:
GOLD 0 70 180
message_loop: input ready on stdin
message_send: TO 127.0.0.1:54870
message_send: 1 lines:
KEY k
message_loop: message ready on socket
message_loop: FROM 127.0.0.1:54870
message_loop: 22 lines:
DISPLAY
                                                                               
                                                                               
                                                                               
                                                                               
                                                                               
                                                                               
                                                                               
                                                                               
                                                                               
                                                                               
                                                #                              
                                                @                              
     +---------------------------------+        #                              
     |.................................|        ##                             
     |.................................|        #                              
     |......+---------------+..........|        #                              
     |......|               |..........##########                              
     |......|               |..........|                                       
     |......|               |..........|                                       
     |......|               |..........|                                       
     +------+               +----------+                                       

message_loop: message ready on socket
message_loop: FROM 127.0.0.1:54870
message_loop: 1 lines:
GOLD 0 70 180
message_loop: input ready on stdin
message_send: TO 127.0.0.1:54870
message_send: 1 lines:
KEY k
message_loop: message ready on socket
message_loop: FROM 127.0.0.1:54870
message_loop: 22 lines:
DISPLAY
                                                                               
                                                                               
                                                                               
                                                                               
                                                                               
                                                                               
                                                                               
                                                                               
                                                                               
                                                                               
                                                @                              
                                                #                              
     +---------------------------------+        #                              
     |.................................|        ##                             
     |.................................|        #                              
     |......+---------------+..........|        #                              
     |......|               |..........##########                              
     |......|               |..........|                                       
     |......|               |..........|                                       
     |......|               |..........|                                       
     +------+               +----------+                                       

message_loop: message ready on socket
message_loop: FROM 127.0.0.1:54870
message_loop: 1 lines:
GOLD 0 70 180
message_loop: input ready on stdin
message_send: TO 127.0.0.1:54870
message_send: 1 lines:
KEY k
message_loop: message ready on socket
message_loop: FROM 127.0.0.1:54870
message_loop: 22 lines:
DISPLAY
                                                                               
                                                                               
                                                                               
                                                                               
                                                                               
                                                                               
                                           +--------#+                         
                                           |.........|                         
                                           |.........|                         
                                           #....@....|                         
                                           +----.----+                         
                                                #                              
     +---------------------------------+        #                              
     |.................................|        ##                             
     |.................................|        #                              
     |......+---------------+..........|        #                              
     |......|               |..........##########                              
     |......|               |..........|                                       
     |......|               |..........|                                       
     |......|               |..........|                                       
     +------+               +----------+                                       

message_loop: message ready on socket
message_loop: FROM 127.0.0.1:54870
message_loop: 1 lines:
GOLD 0 70 180
message_loop: input ready on stdin
message_send: TO 127.0.0.1:54870
message_send: 1 lines:
KEY j
message_loop: message ready on socket
message_loop: FROM 127.0.0.1:54870
message_loop: 22 lines:
DISPLAY
                                                                               
                                                                               
                                                                               
                                                                               
                                                                               
                                                                               
                                           +--------#+                         
                                           |.........|                         
                                           |.........|                         
                                           #.........|                         
                                           +----@----+                         
                                                #                              
     +---------------------------------+        #                              
     |.................................|        ##                             
     |.................................|        #                              
     |......+---------------+..........|        #                              
     |......|               |..........##########                              
     |......|               |..........|                                       
     |......|               |..........|                                       
     |......|               |..........|                                       
     +------+               +----------+                                       

message_loop: message ready on socket
message_loop: FROM 127.0.0.1:54870
message_loop: 1 lines:
GOLD 0 70 180
message_loop: input ready on stdin
message_send: TO 127.0.0.1:54870
message_send: 1 lines:
KEY j
message_loop: message ready on socket
message_loop: FROM 127.0.0.1:54870
message_loop: 22 lines:
DISPLAY
                                                                               
                                                                               
                                                                               
                                                                               
                                                                               
                                                                               
                                           +--------#+                         
                                           |.........|                         
                                           |.........|                         
                                           #.........|                         
                                           +----.----+                         
                                                @                              
     +---------------------------------+        #                              
     |.................................|        ##                             
     |.................................|        #                              
     |......+---------------+..........|        #                              
     |......|               |..........##########                              
     |......|               |..........|                                       
     |......|               |..........|                                       
     |......|               |..........|                                       
     +------+               +----------+                                       

message_loop: message ready on socket
message_loop: FROM 127.0.0.1:54870
message_loop: 1 lines:
GOLD 0 70 180
message_loop: input ready on stdin
message_send: TO 127.0.0.1:54870
message_send: 1 lines:
KEY j
message_loop: message ready on socket
message_loop: FROM 127.0.0.1:54870
message_loop: 22 lines:
DISPLAY
                                                                               
                                                                               
                                                                               
                                                                               
                                                                               
                                                                               
                                           +--------#+                         
                                           |.........|                         
                                           |.........|                         
                                           #.........|                         
                                           +----.----+                         
                                                #                              
     +---------------------------------+        @                              
     |.................................|        ##                             
     |.................................|        #                              
     |......+---------------+..........|        #                              
     |......|               |..........##########                              
     |......|               |..........|                                       
     |......|               |..........|                                       
     |......|               |..........|                                       
     +------+               +----------+                                       

message_loop: message ready on socket
message_loop: FROM 127.0.0.1:54870
message_loop: 1 lines:
GOLD 0 70 180
message_loop: input ready on stdin
message_send: TO 127.0.0.1:54870
message_send: 1 lines:
KEY j
message_loop: message ready on socket
message_loop: FROM 127.0.0.1:54870
message_loop: 22 lines:
DISPLAY
                                                                               
                                                                               
                                                                               
                                                                               
                                                                               
                                                                               
                                           +--------#+                         
                                           |.........|                         
                                           |.........|                         
                                           #.........|                         
                                           +----.----+                         
                                                #                              
     +---------------------------------+        #                              
     |.................................|        @#                             
     |.................................|        #                              
     |......+---------------+..........|        #                              
     |......|               |..........##########                              
     |......|               |..........|                                       
     |......|               |..........|                                       
     |......|               |..........|                                       
     +------+               +----------+                                       

message_loop: message ready on socket
message_loop: FROM 127.0.0.1:54870
message_loop: 1 lines:
GOLD 0 70 180
message_loop: input ready on stdin
message_send: TO 127.0.0.1:54870
message_send: 1 lines:
KEY l
message_loop: message ready on socket
message_loop: FROM 127.0.0.1:54870
message_loop: 22 lines:
DISPLAY
                                                                               
                                                                               
                                                                               
                                                                               
                                                                               
                                                                               
                                           +--------#+                         
                                           |.........|                         
                                           |.........|                         
                                           #.........|                         
                                           +----.----+                         
                                                #                              
     +---------------------------------+        #                              
     |.................................|        #@#                            
     |.................................|        #                              
     |......+---------------+..........|        #                              
     |......|               |..........##########                              
     |......|               |..........|                                       
     |......|               |..........|                                       
     |......|               |..........|                                       
     +------+               +----------+                                       

message_loop: message ready on socket
message_loop: FROM 127.0.0.1:54870
message_loop: 1 lines:
GOLD 0 70 180
message_loop: input ready on stdin
message_send: TO 127.0.0.1:54870
message_send: 1 lines:
KEY l
message_loop: message ready on socket
message_loop: FROM 127.0.0.1:54870
message_loop: 22 lines:
DISPLAY
                                                                               
                                                                               
                                                                               
                                                                               
                                                                               
                                                                               
                                           +--------#+                         
                                           |.........|                         
                                           |.........|                         
                                           #.........|                         
                                           +----.----+                         
                                                #                              
     +---------------------------------+        #                              
     |.................................|        ##@#                           
     |.................................|        #                              
     |......+---------------+..........|        #                              
     |......|               |..........##########                              
     |......|               |..........|                                       
     |......|               |..........|                                       
     |......|               |..........|                                       
     +------+               +----------+                                       

message_loop: message ready on socket
message_loop: FROM 127.0.0.1:54870
message_loop: 1 lines:
GOLD 0 70 180
message_loop: input ready on stdin
message_send: TO 127.0.0.1:54870
message_send: 1 lines:
KEY l
message_loop: message ready on socket
message_loop: FROM 127.0.0.1:54870
message_loop: 22 lines:
DISPLAY
                                                                               
                                                                               
                                                                               
                                                                               
                                                                               
                                                                               
                                           +--------#+                         
                                           |.........|                         
                                           |.........|                         
                                           #.........|                         
                                           +----.----+                         
                                                #                              
     +---------------------------------+        #                              
     |.................................|        ###@#                          
     |.................................|        #                              
     |......+---------------+..........|        #                              
     |......|               |..........##########                              
     |......|               |..........|                                       
     |......|               |..........|                                       
     |......|               |..........|                                       
     +------+               +----------+                                       

message_loop: message ready on socket
message_loop: FROM 127.0.0.1:54870
message_loop: 1 lines:
GOLD 0 70 180
message_loop: input ready on stdin
message_send: TO 127.0.0.1:54870
message_send: 1 lines:
KEY l
message_loop: message ready on socket
message_loop: FROM 127.0.0.1:54870
message_loop: 22 lines:
DISPLAY
                                                                               
                                                                               
                                                                               
                                                                               
                                                                               
                                                                               
                                           +--------#+                         
                                           |.........|                         
                                           |.........|                         
                                           #.........|                         
                                           +----.----+                         
                                                #                              
     +---------------------------------+        #                              
     |.................................|        ####@#                         
     |.................................|        #                              
     |......+---------------+..........|        #                              
     |......|               |..........##########                              
     |......|               |..........|                                       
     |......|               |..........|                                       
     |......|               |..........|                                       
     +------+               +----------+                                       

message_loop: message ready on socket
message_loop: FROM 127.0.0.1:54870
message_loop: 1 lines:
GOLD 0 70 180
message_loop: input ready on stdin
message_send: TO 127.0.0.1:54870
message_send: 1 lines:
KEY l
message_loop: message ready on socket
message_loop: FROM 127.0.0.1:54870
message_loop: 22 lines:
DISPLAY
                                                                               
                                                                               
                                                                               
                                                                               
                                                                               
                                                                               
                                           +--------#+                         
                                           |.........|                         
                                           |.........|                         
                                           #.........|                         
                                           +----.----+                         
                                                #                              
     +---------------------------------+        #                              
     |.................................|        #####@                         
     |.................................|        #                              
     |......+---------------+..........|        #                              
     |......|               |..........##########                              
     |......|               |..........|                                       
     |......|               |..........|                                       
     |......|               |..........|                                       
     +------+               +----------+                                       

message_loop: message ready on socket
message_loop: FROM 127.0.0.1:54870
message_loop: 1 lines:
GOLD 0 70 180
message_loop: input ready on stdin
message_send: TO 127.0.0.1:54870
message_send: 1 lines:
KEY l
message_loop: message ready on socket
message_loop: FROM 127.0.0.1:54870
message_loop: 22 lines:
DISPLAY
                                                                               
                                                                               
                                                                               
                                                                               
                                                                               
                                                                               
                                           +--------#+                         
                                           |.........|                         
                                           |.........|                         
                                           #.........|                         
                                           +----.----+                         
                                                #    +--------#--+             
     +---------------------------------+        #    |...........|             
     |.................................|        #####.@....*.....|             
     |.................................|        #    |......*....|             
     |......+---------------+..........|        #    |........*..|             
     |......|               |..........##########    +-----------+             
     |......|               |..........|                                       
     |......|               |..........|                                       
     |......|               |..........|                                       
     +------+               +----------+                                       

message_loop: message ready on socket
message_loop: FROM 127.0.0.1:54870
message_loop: 1 lines:
GOLD 0 70 180
message_loop: input ready on stdin
message_send: TO 127.0.0.1:54870
message_send: 1 lines:
KEY l
message_loop: message ready on socket
message_loop: FROM 127.0.0.1:54870
message_loop: 22 lines:
DISPLAY
                                                                               
                                                                               
                                                                               
                                                                               
                                                                               
                                                                               
                                           +--------#+                         
                                           |.........|                         
                                           |.........|                         
                                           #.........|                         
                                           +----.----+                         
                                                #    +--------#--+             
     +---------------------------------+        #    |...........|             
     |.................................|        #####..@...*.....|             
     |.................................|        #    |......*....|             
     |......+---------------+..........|        #    |........*..|             
     |......|               |..........##########    +-----------+             
     |......|               |..........|                                       
     |......|               |..........|                                       
     |......|               |..........|                                       
     +------+               +----------+                                       

message_loop: message ready on socket
message_loop: FROM 127.0.0.1:54870
message_loop: 1 lines:
GOLD 0 70 180
message_loop: input ready on stdin
message_send: TO 127.0.0.1:54870
message_send: 1 lines:
KEY j
message_loop: message ready on socket
message_loop: FROM 127.0.0.1:54870
message_loop: 22 lines:
DISPLAY
                                                                               
                                                                               
                                                                               
                                                                               
                                                                               
                                                                               
                                           +--------#+                         
                                           |.........|                         
                                           |.........|                         
                                           #.........|                         
                                           +----.----+                         
                                                #    +--------#--+             
     +---------------------------------+        #    |...........|             
     |.................................|        #####......*.....|             
     |.................................|        #    |.@....*....|             
     |......+---------------+..........|        #    |........*..|             
     |......|               |..........##########    +-----------+             
     |......|               |..........|                                       
     |......|               |..........|                                       
     |......|               |..........|                                       
     +------+               +----------+                                       

message_loop: message ready on socket
message_loop: FROM 127.0.0.1:54870
message_loop: 1 lines:
GOLD 0 70 180
message_loop: input ready on stdin
message_send: TO 127.0.0.1:54870
message_send: 1 lines:
KEY j
message_loop: message ready on socket
message_loop: FROM 127.0.0.1:54870
message_loop: 22 lines:
DISPLAY
                                                                               
                                                                               
                                                                               
                                                                               
                                                                               
                                                                               
                                           +--------#+                         
                                           |.........|                         
                                           |.........|                         
                                           #.........|                         
                                           +----.----+                         
                                                #    +--------#--+             
     +---------------------------------+        #    |...........|             
     |.................................|        #####......*.....|             
     |.................................|        #    |......*....|             
     |......+---------------+..........|        #    |.@......*..|             
     |......|               |..........##########    +-----------+             
     |......|               |..........|                                       
     |......|               |..........|                                       
     |......|               |..........|                                       
     +------+               +----------+                                       

message_loop: message ready on socket
message_loop: FROM 127.0.0.1:54870
message_loop: 1 lines:
GOLD 0 70 180
message_loop: input ready on stdin
message_send: TO 127.0.0.1:54870
message_send: 1 lines:
KEY j
message_loop: message ready on socket
message_loop: FROM 127.0.0.1:54870
message_loop: 22 lines:
DISPLAY
                                                                               
                                                                               
                                                                               
                                                                               
                                                                               
                                                                               
                                           +--------#+                         
                                           |.........|                         
                                           |.........|                         
                                           #.........|                         
                                           +----.----+                         
                                                #    +--------#--+             
     +---------------------------------+        #    |...........|             
     |.................................|        #####......*.....|             
     |.................................|        #    |......*....|             
     |......+---------------+..........|        #    |.@......*..|             
     |......|               |..........##########    +-----------+             
     |......|               |..........|                                       
     |......|               |..........|                                       
     |......|               |..........|                                       
     +------+               +----------+                                       

message_loop: message ready on socket
message_loop: FROM 127.0.0.1:54870
message_loop: 1 lines:
GOLD 0 70 180
message_loop: input ready on stdin
message_send: TO 127.0.0.1:54870
message_send: 1 lines:
KEY l
message_loop: message ready on socket
message_loop: FROM 127.0.0.1:54870
message_loop: 22 lines:
DISPLAY
                                                                               
                                                                               
                                                                               
                                                                               
                                                                               
                                                                               
                                           +--------#+                         
                                           |.........|                         
                                           |.........|                         
                                           #.........|                         
                                           +----.----+                         
                                                #    +--------#--+             
     +---------------------------------+        #    |...........|             
     |.................................|        #####......*.....|             
     |.................................|        #    |......*....|             
     |......+---------------+..........|        #    |..@.....*..|             
     |......|               |..........##########    +-----------+             
     |......|               |..........|                                       
     |......|               |..........|                                       
     |......|               |..........|                                       
     +------+               +----------+                                       

message_loop: message ready on socket
message_loop: FROM 127.0.0.1:54870
message_loop: 1 lines:
GOLD 0 70 180
message_loop: input ready on stdin
message_send: TO 127.0.0.1:54870
message_send: 1 lines:
KEY k
message_loop: message ready on socket
message_loop: FROM 127.0.0.1:54870
message_loop: 22 lines:
DISPLAY
                                                                               
                                                                               
                                                                               
                                                                               
                                                                               
                                                                               
                                           +--------#+                         
                                           |.........|                         
                                           |.........|                         
                                           #.........|                         
                                           +----.----+                         
                                                #    +--------#--+             
     +---------------------------------+        #    |...........|             
     |.................................|        #####......*.....|             
     |.................................|        #    |..@...*....|             
     |......+---------------+..........|        #    |........*..|             
     |......|               |..........##########    +-----------+             
     |......|               |..........|                                       
     |......|               |..........|                                       
     |......|               |..........|                                       
     +------+               +----------+                                       

message_loop: message ready on socket
message_loop: FROM 127.0.0.1:54870
message_loop: 1 lines:
GOLD 0 70 180
message_loop: input ready on stdin
message_send: TO 127.0.0.1:54870
message_send: 1 lines:
KEY k
message_loop: message ready on socket
message_loop: FROM 127.0.0.1:54870
message_loop: 22 lines:
DISPLAY
                                                                               
                                                                               
                                                                               
                                                                               
                                                                               
                                                                               
                                           +--------#+                         
                                           |.........|                         
                                           |.........|                         
                                           #.........|                         
                                           +----.----+                         
                                                #    +--------#--+             
     +---------------------------------+        #    |...........|             
     |.................................|        #####...@..*.....|             
     |.................................|        #    |......*....|             
     |......+---------------+..........|        #    |........*..|             
     |......|               |..........##########    +-----------+             
     |......|               |..........|                                       
     |......|               |..........|                                       
     |......|               |..........|                                       
     +------+               +----------+                                       

message_loop: message ready on socket
message_loop: FROM 127.0.0.1:54870
message_loop: 1 lines:
GOLD 0 70 180
message_loop: input ready on stdin
message_send: TO 127.0.0.1:54870
message_send: 1 lines:
KEY j
message_loop: message ready on socket
message_loop: FROM 127.0.0.1:54870
message_loop: 22 lines:
DISPLAY
                                                                               
                                                                               
                                                                               
                                                                               
                                                                               
                                                                               
                                           +--------#+                         
                                           |.........|                         
                                           |.........|                         
                                           #.........|                         
                                           +----.----+                         
                                                #    +--------#--+             
     +---------------------------------+        #    |...........|             
     |.................................|        #####......*.....|             
     |.................................|        #    |..@...*....|             
     |......+---------------+..........|        #    |........*..|             
     |......|               |..........##########    +-----------+             
     |......|               |..........|                                       
     |......|               |..........|                                       
     |......|               |..........|                                       
     +------+               +----------+                                       

message_loop: message ready on socket
message_loop: FROM 127.0.0.1:54870
message_loop: 1 lines:
GOLD 0 70 180
message_loop: input ready on stdin
message_send: TO 127.0.0.1:54870
message_send: 1 lines:
KEY k
message_loop: message ready on socket
message_loop: FROM 127.0.0.1:54870
message_loop: 22 lines:
DISPLAY
                                                                               
                                                                               
                                                                               
                                                                               
                                                                               
                                                                               
                                           +--------#+                         
                                           |.........|                         
                                           |.........|                         
                                           #.........|                         
                                           +----.----+                         
                                                #    +--------#--+             
     +---------------------------------+        #    |...........|             
     |.................................|        #####...@..*.....|             
     |.................................|        #    |......*....|             
     |......+---------------+..........|        #    |........*..|             
     |......|               |..........##########    +-----------+             
     |......|               |..........|                                       
     |......|               |..........|                                       
     |......|               |..........|                                       
     +------+               +----------+                                       

message_loop: message ready on socket
message_loop: FROM 127.0.0.1:54870
message_loop: 1 lines:
GOLD 0 70 180
message_loop: input ready on stdin
message_send: TO 127.0.0.1:54870
message_send: 1 lines:
KEY l
message_loop: message ready on socket
message_loop: FROM 127.0.0.1:54870
message_loop: 22 lines:
DISPLAY
                                                                               
                                                                               
                                                                               
                                                                               
                                                                               
                                                                               
                                           +--------#+                         
                                           |.........|                         
                                           |.........|                         
                                           #.........|                         
                                           +----.----+                         
                                                #    +--------#--+             
     +---------------------------------+        #    |...........|             
     |.................................|        #####....@.*.....|             
     |.................................|        #    |......*....|             
     |......+---------------+..........|        #    |........*..|             
     |......|               |..........##########    +-----------+             
     |......|               |..........|                                       
     |......|               |..........|                                       
     |......|               |..........|                                       
     +------+               +----------+                                       

message_loop: message ready on socket
message_loop: FROM 127.0.0.1:54870
message_loop: 1 lines:
GOLD 0 70 180
message_loop: input ready on stdin
message_send: TO 127.0.0.1:54870
message_send: 1 lines:
KEY k
message_loop: message ready on socket
message_loop: FROM 127.0.0.1:54870
message_loop: 22 lines:
DISPLAY
                                                                               
                                                                               
                                                                               
                                                                               
                                                                               
                                                                               
                                           +--------#+                         
                                           |.........|                         
                                           |.........|                         
                                           #.........|                         
                                           +----.----+                         
                                                #    +--------#--+             
     +---------------------------------+        #    |...@.......|             
     |.................................|        #####......*.....|             
     |.................................|        #    |......*....|             
     |......+---------------+..........|        #    |........*..|             
     |......|               |..........##########    +-----------+             
     |......|               |..........|                                       
     |......|               |..........|                                       
     |......|               |..........|                                       
     +------+               +----------+                                       

message_loop: message ready on socket
message_loop: FROM 127.0.0.1:54870
message_loop: 1 lines:
GOLD 0 70 180
message_loop: input ready on stdin
message_send: TO 127.0.0.1:54870
message_send: 1 lines:
KEY j
message_loop: message ready on socket
message_loop: FROM 127.0.0.1:54870
message_loop: 22 lines:
DISPLAY
                                                                               
                                                                               
                                                                               
                                                                               
                                                                               
                                                                               
                                           +--------#+                         
                                           |.........|                         
                                           |.........|                         
                                           #.........|                         
                                           +----.----+                         
                                                #    +--------#--+             
     +---------------------------------+        #    |...........|             
     |.................................|        #####....@.*.....|             
     |.................................|        #    |......*....|             
     |......+---------------+..........|        #    |........*..|             
     |......|               |..........##########    +-----------+             
     |......|               |..........|                                       
     |......|               |..........|                                       
     |......|               |..........|                                       
     +------+               +----------+                                       

message_loop: message ready on socket
message_loop: FROM 127.0.0.1:54870
message_loop: 1 lines:
GOLD 0 70 180
message_loop: input ready on stdin
message_send: TO 127.0.0.1:54870
message_send: 1 lines:
KEY k
message_loop: input ready on stdin
message_send: TO 127.0.0.1:54870
message_send: 1 lines:
KEY l
message_loop: message ready on socket
message_loop: FROM 127.0.0.1:54870
message_loop: 22 lines:
DISPLAY
                                                                               
                                                                               
                                                                               
                                                                               
                                                                               
                                                                               
                                           +--------#+                         
                                           |.........|                         
                                           |.........|                         
                                           #.........|                         
                                           +----.----+                         
                                                #    +--------#--+             
     +---------------------------------+        #    |...@.......|             
     |.................................|        #####......*.....|             
     |.................................|        #    |......*....|             
     |......+---------------+..........|        #    |........*..|             
     |......|               |..........##########    +-----------+             
     |......|               |..........|                                       
     |......|               |..........|                                       
     |......|               |..........|                                       
     +------+               +----------+                                       

message_loop: message ready on socket
message_loop: FROM 127.0.0.1:54870
message_loop: 1 lines:
GOLD 0 70 180
message_loop: message ready on socket
message_loop: FROM 127.0.0.1:54870
message_loop: 22 lines:
DISPLAY
                                                                               
                                                                               
                                                                               
                                                                               
                                                                               
                                                                               
                                           +--------#+                         
                                           |.........|                         
                                           |.........|                         
                                           #.........|                         
                                           +----.----+                         
                                                #    +--------#--+             
     +---------------------------------+        #    |....@......|             
     |.................................|        #####......*.....|             
     |.................................|        #    |......*....|             
     |......+---------------+..........|        #    |........*..|             
     |......|               |..........##########    +-----------+             
     |......|               |..........|                                       
     |......|               |..........|                                       
     |......|               |..........|                                       
     +------+               +----------+                                       

message_loop: message ready on socket
message_loop: FROM 127.0.0.1:54870
message_loop: 1 lines:
GOLD 0 70 180
message_loop: input ready on stdin
message_send: TO 127.0.0.1:54870
message_send: 1 lines:
KEY k
message_loop: message ready on socket
message_loop: FROM 127.0.0.1:54870
message_loop: 22 lines:
DISPLAY
                                                                               
                                                                               
                                                                               
                                                                               
                                                                               
                                                                               
                                           +--------#+                         
                                           |.........|                         
                                           |.........|                         
                                           #.........|                         
                                           +----.----+                         
                                                #    +--------#--+             
     +---------------------------------+        #    |....@......|             
     |.................................|        #####......*.....|             
     |.................................|        #    |......*....|             
     |......+---------------+..........|        #    |........*..|             
     |......|               |..........##########    +-----------+             
     |......|               |..........|                                       
     |......|               |..........|                                       
     |......|               |..........|                                       
     +------+               +----------+                                       

message_loop: message ready on socket
message_loop: FROM 127.0.0.1:54870
message_loop: 1 lines:
GOLD 0 70 180
message_loop: input ready on stdin
message_send: TO 127.0.0.1:54870
message_send: 1 lines:
KEY k
message_loop: input ready on stdin
message_send: TO 127.0.0.1:54870
message_send: 1 lines:
KEY l
message_loop: message ready on socket
message_loop: FROM 127.0.0.1:54870
message_loop: 22 lines:
DISPLAY
                                                                               
                                                                               
                                                                               
                                                                               
                                                                               
                                                                               
                                           +--------#+                         
                                           |.........|                         
                                           |.........|                         
                                           #.........|                         
                                           +----.----+                         
                                                #    +--------#--+             
     +---------------------------------+        #    |....@......|             
     |.................................|        #####......*.....|             
     |.................................|        #    |......*....|             
     |......+---------------+..........|        #    |........*..|             
     |......|               |..........##########    +-----------+             
     |......|               |..........|                                       
     |......|               |..........|                                       
     |......|               |..........|                                       
     +------+               +----------+                                       

message_loop: message ready on socket
message_loop: FROM 127.0.0.1:54870
message_loop: 1 lines:
GOLD 0 70 180
message_loop: message ready on socket
message_loop: FROM 127.0.0.1:54870
message_loop: 22 lines:
DISPLAY
                                                                               
                                                                               
                                                                               
                                                                               
                                                                               
                                                                               
                                           +--------#+                         
                                           |.........|                         
                                           |.........|                         
                                           #.........|                         
                                           +----.----+                         
                                                #    +--------#--+             
     +---------------------------------+        #    |.....@.....|             
     |.................................|        #####......*.....|             
     |.................................|        #    |......*....|             
     |......+---------------+..........|        #    |........*..|             
     |......|               |..........##########    +-----------+             
     |......|               |..........|                                       
     |......|               |..........|                                       
     |......|               |..........|                                       
     +------+               +----------+                                       

message_loop: message ready on socket
message_loop: FROM 127.0.0.1:54870
message_loop: 1 lines:
GOLD 0 70 180
message_loop: input ready on stdin
message_send: TO 127.0.0.1:54870
message_send: 1 lines:
KEY j
message_loop: message ready on socket
message_loop: FROM 127.0.0.1:54870
message_loop: 1 lines:
GOLD 14 84 166
message_loop: message ready on socket
message_loop: FROM 127.0.0.1:54870
message_loop: 1 lines:
GOLD 0 84 166
message_loop: message ready on socket
message_loop: FROM 127.0.0.1:54870
message_loop: 22 lines:
DISPLAY
                                                                               
                                                                               
                                                                               
                                                                               
                                                                               
                                                                               
                                           +--------#+                         
                                           |.........|                         
                                           |.........|                         
                                           #.........|                         
                                           +----.----+                         
                                                #    +--------#--+             
     +---------------------------------+        #    |...........|             
     |.................................|        #####......@.....|             
     |.................................|        #    |......*....|             
     |......+---------------+..........|        #    |........*..|             
     |......|               |..........##########    +-----------+             
     |......|               |..........|                                       
     |......|               |..........|                                       
     |......|               |..........|                                       
     +------+               +----------+                                       

message_loop: message ready on socket
message_loop: FROM 127.0.0.1:54870
message_loop: 1 lines:
GOLD 0 84 166
message_loop: input ready on stdin
message_send: TO 127.0.0.1:54870
message_send: 1 lines:
KEY j
message_loop: message ready on socket
message_loop: FROM 127.0.0.1:54870
message_loop: 22 lines:
DISPLAY
                                                                               
                                                                               
                                                                               
                                                                               
                                                                               
                                                                               
                                           +--------#+                         
                                           |.........|                         
                                           |.........|                         
                                           #.........|                         
                                           +----.----+                         
                                                #    +--------#--+             
     +---------------------------------+        #    |...........|             
     |.................................|        #####............|             
     |.................................|        #    |.....@*....|             
     |......+---------------+..........|        #    |........*..|             
     |......|               |..........##########    +-----------+             
     |......|               |..........|                                       
     |......|               |..........|                                       
     |......|               |..........|                                       
     +------+               +----------+                                       

message_loop: message ready on socket
message_loop: FROM 127.0.0.1:54870
message_loop: 1 lines:
GOLD 0 84 166
message_loop: input ready on stdin
message_send: TO 127.0.0.1:54870
message_send: 1 lines:
KEY k
message_loop: message ready on socket
message_loop: FROM 127.0.0.1:54870
message_loop: 22 lines:
DISPLAY
                                                                               
                                                                               
                                                                               
                                                                               
                                                                               
                                                                               
                                           +--------#+                         
                                           |.........|                         
                                           |.........|                         
                                           #.........|                         
                                           +----.----+                         
                                                #    +--------#--+             
     +---------------------------------+        #    |...........|             
     |.................................|        #####......@.....|             
     |.................................|        #    |......*....|             
     |......+---------------+..........|        #    |........*..|             
     |......|               |..........##########    +-----------+             
     |......|               |..........|                                       
     |......|               |..........|                                       
     |......|               |..........|                                       
     +------+               +----------+                                       

message_loop: message ready on socket
message_loop: FROM 127.0.0.1:54870
message_loop: 1 lines:
GOLD 0 84 166
message_loop: input ready on stdin
message_send: TO 127.0.0.1:54870
message_send: 1 lines:
KEY l
message_loop: message ready on socket
message_loop: FROM 127.0.0.1:54870
message_loop: 22 lines:
DISPLAY
                                                                               
                                                                               
                                                                               
                                                                               
                                                                               
                                                                               
                                           +--------#+                         
                                           |.........|                         
                                           |.........|                         
                                           #.........|                         
                                           +----.----+                         
                                                #    +--------#--+             
     +---------------------------------+        #    |...........|             
     |.................................|        #####.......@....|             
     |.................................|        #    |......*....|             
     |......+---------------+..........|        #    |........*..|             
     |......|               |..........##########    +-----------+             
     |......|               |..........|                                       
     |......|               |..........|                                       
     |......|               |..........|                                       
     +------+               +----------+                                       

message_loop: message ready on socket
message_loop: FROM 127.0.0.1:54870
message_loop: 1 lines:
GOLD 0 84 166
